Rank,Player
0,David Johnson
1,Le'Veon Bell
2,Antonio Brown
3,Julio Jones
4,Odell Beckham Jr
5,Mike Evans
6,LeSean McCoy
7,Melvin Gordon
8,Devonta Freeman
9,A.J. Green
10,Jordy Nelson
11,Jay Ajayi
12,Michael Thomas
13,Jordan Howard
14,DeMarco Murray
15,Aaron Rodgers
16,Dez Bryant
17,Amari Cooper
18,Ezekiel Elliott
19,Rob Gronkowski
20,Todd Gurley
21,Brandin Cooks
22,Doug Baldwin
23,T.Y. Hilton
24,Tom Brady
25,Leonard Fournette
26,Christian McCaffrey
27,Lamar Miller
28,DeAndre Hopkins
29,Isaiah Crowell
30,Demaryius Thomas
31,Keenan Allen
32,Travis Kelce
33,Dalvin Cook
34,Drew Brees
35,Terrelle Pryor
36,Marshawn Lynch
37,Alshon Jeffery
38,Ty Montgomery
39,Davante Adams
40,Carlos Hyde
41,Michael Crabtree
42,Joe Mixon
43,Tyreek Hill
44,Greg Olsen
45,Allen Robinson
46,Golden Tate
47,Matt Ryan
48,Kelvin Benjamin
49,Jordan Reed
50,Larry Fitzgerald
51,Kareem Hunt
52,Jarvis Landry
53,Mark Ingram
54,C.J. Anderson
55,Stefon Diggs
56,Jimmy Graham
57,Russell Wilson
58,Martavis Bryant
59,Ameer Abdullah
60,Bilal Powell
61,Tevin Coleman
62,Sammy Watkins
63,Emmanuel Sanders
64,Jamison Crowder
65,Doug Martin
66,Willie Snead
67,DeVante Parker
68,Danny Woodhead
69,Cam Newton
70,Brandon Marshall
71,Jameis Winston
72,Mike Gillislee
73,Tyler Eifert
74,Kyle Rudolph
75,Derek Carr
76,Zach Ertz
77,Marcus Mariota
78,Adrian Peterson
79,Delanie Walker
80,Pierre Garcon
81,Paul Perkins
82,Kirk Cousins
83,Derrick Henry
84,Martellus Bennett
85,Ben Roethlisberger
86,Andrew Luck
87,DeSean Jackson
88,Randall Cobb
89,Frank Gore
90,Rob Kelley
91,LeGarrette Blount
92,Terrance West
93,Theo Riddick
94,Darren McFadden
95,Eric Decker
96,Dak Prescott
97,Jeremy Maclin
98,Eddie Lacy
99,Donte Moncrief
100,Philip Rivers
101,Duke Johnson
102,Hunter Henry
103,Tyrell Williams
104,Chris Hogan
105,Matthew Stafford
106,Thomas Rawls
107,Denver Broncos
108,Adam Thielen
109,Corey Coleman
110,James White
111,Jonathan Stewart
112,Eric Ebron
113,Matt Forte
114,Marvin Jones
115,Seattle Seahawks
116,Houston Texans
117,Mike Wallace
118,Jordan Matthews
119,Corey Davis
120,Jamaal Williams
121,John Brown
122,Kansas City Chiefs
123,Kenny Britt
124,Eli Manning
125,Andy Dalton
126,Jacquizz Rodgers
127,Samaje Perine
128,Carson Wentz
129,Darren Sproles
130,Jack Doyle
131,Rishard Matthews
132,C.J. Prosise
133,Arizona Cardinals
134,Stephen Gostkowski
135,Minnesota Vikings
136,Carson Palmer
137,Jeremy Hill
138,Justin Tucker
139,New England Patriots
140,Jason Witten
141,Ted Ginn
142,Latavius Murray
143,Coby Fleener
144,Sterling Shepard
145,Rex Burkhead
146,Kevin White
147,Jamaal Charles
148,Tyrod Taylor
149,Cole Beasley
150,Matt Bryant
151,Austin Hooper
152,Zay Jones
153,Alvin Kamara
154,Robby Anderson
155,Jay Cutler
156,Giovani Bernard
157,Cooper Kupp
158,Julius Thomas
159,New York Giants
160,Josh Doctson
161,O.J. Howard
162,Joe Flacco
163,Dan Bailey
164,Cameron Brate
165,Carolina Panthers
166,Mohamed Sanu
167,Marlon Mack
168,Alex Smith
169,Kenny Golladay
170,Taylor Gabriel
171,Dion Lewis
172,Sam Bradford
173,Tyler Lockett
174,Mason Crosby
175,Jonathan Williams
176,Jared Cook
177,Evan Engram
178,Wendell Smallwood
179,Blake Bortles
180,DOnta Foreman
181,Pittsburgh Steelers
182,Chris Thompson
183,John Ross
184,Shane Vereen
185,Danny Amendola
186,DeAndre Washington
187,Baltimore Ravens
188,James Conner
189,Philadelphia Eagles
190,Adam Vinatieri
191,Deshaun Watson
192,Wil Lutz
193,Kenny Stills
194,Antonio Gates
195,C.J. Fiedorowicz
196,Trevor Siemian
197,Los Angeles Rams
198,Sebastian Janikowski
199,Breshad Perriman
200,Marqise Lee
201,Jacksonville Jaguars
202,Allen Hurns
203,Joe Williams
204,Matt Prater
205,Cairo Santos
206,Jared Goff
207,Charles Sims
208,Charcandrick West
209,Torrey Smith
210,Brian Hoyer
211,Robert Woods
212,Charles Clay
213,Kendall Wright
214,Atlanta Falcons
215,Mike Williams
216,J.J. Nelson
217,DeShone Kizer
218,Tampa Bay Buccaneers
219,David Njoku
220,Jesse James
221,Dwayne Allen
222,T.J. Yeldon
223,Chris Carson
224,Chris Boswell
225,Jalen Richard
226,Blair Walsh
227,Devin Funchess
228,Oakland Raiders
229,Brandon McManus
230,Graham Gano
231,Mitchell Trubisky
232,Zach Miller
233,Los Angeles Chargers
234,Dallas Cowboys
235,Tavon Austin
236,Devontae Booker
237,Mike Glennon
238,Dustin Hopkins
239,Green Bay Packers
240,Buffalo Bills
241,Caleb Sturgis
242,Cincinnati Bengals
243,Will Fuller
244,Chris Conley
245,Tennessee Titans
246,Robert Turbin
247,Tom Savage
248,Tarik Cohen
249,Tim Hightower
250,Alfred Morris
251,Josh McCown
252,ArDarius Stewart
253,Jaron Brown
254,Austin Seferian-Jenkins
255,Nick Novak
256,Paul Richardson
257,Miami Dolphins
258,Tyler Higbee
259,Steve Hauschka
260,Ben Watson
261,Travis Benjamin
262,Vernon Davis
263,Curtis Samuel
264,Erik Swoope
265,Phil Dawson
266,Kai Forbath
267,Zane Gonzalez
268,Malcolm Mitchell
269,Jermaine Gresham
270,Nelson Agholor
271,Vance McDonald
272,Terrance Williams
273,Josh Lambo
274,George Kittle
275,A.J. Derby
276,DeAngelo Henderson
277,Nick Folk
278,Laquon Treadwell
279,Gerald Everett
280,Maxx Williams
281,Marquise Goodwin
282,Branden Oliver
283,Javorius Allen
284,Gary Barnidge
285,Ryan Mathews